dataset,case,case_ID,high_disagreement,self,other,self_model_pred,other_model_pred,condition,final_modelling_label,aggregate_self_share,multioptimal_self_own_prob,multioptimal_chose_self_model,self_u,other_u,total_utility,worst_stakeholder_utility,utility_variance,joint_mean,joint_min,joint_nash,self_n,other_n,total_utility_n,worst_stakeholder_utility_n,utility_variance_n,joint_n,band_self,band_other,consensus,settled,rounds,how
compas,0,compas_0,1,judges,defendants,1,0,single,1,,,,0.7029645192969755,0.6534224279222148,1.3563869472191903,0.6534224279222148,0.0006136047044462827,0.6781934736095951,0.6534224279222148,0.45933278294220237,1,0.658005956689151,1.658005956689151,0.658005956689151,0.02923998141502572,0.8290029783445755,0.19764724237504705,0.4388308289819588,0,0,,
compas,0,compas_0,1,judges,defendants,1,0,singleoptimal,1,,,,0.7029645192969755,0.6534224279222148,1.3563869472191903,0.6534224279222148,0.0006136047044462827,0.6781934736095951,0.6534224279222148,0.45933278294220237,1,0.658005956689151,1.658005956689151,0.658005956689151,0.02923998141502572,0.8290029783445755,0.19764724237504705,0.4388308289819588,0,0,,
compas,0,compas_0,1,judges,defendants,1,0,multioptimal,1,,0.8,1,0.7029645192969755,0.6534224279222148,1.3563869472191903,0.6534224279222148,0.0006136047044462827,0.6781934736095951,0.6534224279222148,0.45933278294220237,1,0.658005956689151,1.658005956689151,0.658005956689151,0.02923998141502572,0.8290029783445755,0.19764724237504705,0.4388308289819588,0,0,,
compas,0,compas_0,1,judges,defendants,1,0,aggregate,1,0.7,,,0.6720930144284335,0.7027675998095627,1.3748606142379962,0.6720930144284335,0.00023523254707604656,0.6874303071189981,0.6720930144284335,0.472325194598644,0.8438050311374368,0.770452869322485,1.6142579004599218,0.770452869322485,0.0013451349107317162,0.8071289502299609,0.19764724237504705,0.4388308289819588,0,0,,
compas,0,compas_0,1,judges,defendants,1,0,negotiatev2,1,,,,0.7029645192969755,0.6534224279222147,1.3563869472191903,0.6534224279222147,0.0006136047044462854,0.6781934736095951,0.6534224279222147,0.45933278294220226,1,0.6580059566891507,1.6580059566891507,0.6580059566891507,0.02923998141502576,0.8290029783445754,0.19764724237504705,0.4388308289819588,0,0,2,impasse
compas,0,compas_0,1,defendants,judges,0,1,single,1,,,,0.6534224279222148,0.7029645192969755,1.3563869472191903,0.6534224279222148,0.0006136047044462827,0.6781934736095951,0.6534224279222148,0.45933278294220237,0.658005956689151,1,1.658005956689151,0.658005956689151,0.02923998141502572,0.8290029783445755,0.4388308289819588,0.19764724237504705,0,0,,
compas,0,compas_0,1,defendants,judges,0,1,singleoptimal,0,,,,0.8034999574552066,0.6090724725894748,1.4125724300446816,0.6090724725894748,0.009450511717803593,0.7062862150223408,0.6090724725894748,0.4893897058127805,1,0.5249513953281724,1.5249513953281724,0.5249513953281724,0.056417794200162595,0.7624756976640862,0.4388308289819588,0.19764724237504705,0,0,,
compas,0,compas_0,1,defendants,judges,0,1,multioptimal,0,,0.8,1,0.8034999574552066,0.6090724725894748,1.4125724300446816,0.6090724725894748,0.009450511717803593,0.7062862150223408,0.6090724725894748,0.4893897058127805,1,0.5249513953281724,1.5249513953281724,0.5249513953281724,0.056417794200162595,0.7624756976640862,0.4388308289819588,0.19764724237504705,0,0,,
compas,0,compas_0,1,defendants,judges,0,1,aggregate,1,0.7,,,0.7625738691816167,0.6346767999241306,1.3972506691057474,0.6346767999241306,0.00408941508116355,0.6986253345528737,0.6346767999241306,0.4839879429979511,0.9067383475118781,0.654496978797888,1.5612353263097662,0.654496978797888,0.01590642702267677,0.7806176631548831,0.4388308289819588,0.19764724237504705,0,0,,
compas,0,compas_0,1,defendants,judges,0,1,negotiatev2,1,,,,0.753055919005405,0.6843592770019903,1.4374151960073953,0.6843592770019903,0.0011798071556363317,0.7187075980036977,0.6843592770019903,0.5153608042726083,0.885049009508228,0.9058664210468435,1.7909154305550714,0.885049009508228,0.00010834115579202037,0.8954577152775357,0.4388308289819588,0.19764724237504705,1,1,2,other_accepts
compas,0,compas_0,1,defendants,community_members,0,1,single,1,,,,0.6534224279222148,0.7451941248599633,1.3986165527821781,0.6534224279222148,0.002105511089708487,0.6993082763910891,0.6534224279222148,0.4869265543393673,0.658005956689151,0.8447606846161597,1.5027666413053107,0.658005956689151,0.008719332100772767,0.7513833206526553,0.4388308289819588,0.46175053782410336,0,0,,
compas,0,compas_0,1,defendants,community_members,0,1,singleoptimal,0,,,,0.8034999574552066,0.44334277146776235,1.246842728922969,0.44334277146776235,0.03242829965459863,0.6234213644614846,0.44334277146776235,0.35622589801242044,1,0.19104979818252776,1.1910497981825277,0.19104979818252776,0.16360010725513224,0.5955248990912638,0.4388308289819588,0.46175053782410336,0,0,,
compas,0,compas_0,1,defendants,community_members,0,1,multioptimal,0,,0.8,1,0.8034999574552066,0.44334277146776235,1.246842728922969,0.44334277146776235,0.03242829965459863,0.6234213644614846,0.44334277146776235,0.35622589801242044,1,0.19104979818252776,1.1910497981825277,0.19104979818252776,0.16360010725513224,0.5955248990912638,0.4388308289819588,0.46175053782410336,0,0,,
compas,0,compas_0,1,defendants,community_members,0,1,aggregate,1,0.7,,,0.6703242205759812,0.5567020767927781,1.2270262973687593,0.5567020767927781,0.0032274978894727213,0.6135131486843797,0.5567020767927781,0.37317088571914897,0.6965214654855059,0.43654881992529865,1.1330702854108046,0.43654881992529865,0.016896444109893282,0.5665351427054023,0.4388308289819588,0.46175053782410336,0,0,,
compas,0,compas_0,1,defendants,community_members,0,1,negotiatev2,1,,,,0.6062959834596534,0.7573382990776149,1.3636342825372683,0.6062959834596534,0.0057034452768089695,0.6818171412686341,0.6062959834596534,0.45917116885092363,0.550615041215209,0.8710609771396473,1.4216760183548562,0.550615041215209,0.0256713994626223,0.7108380091774281,0.4388308289819588,0.46175053782410336,1,1,3,self_accepts
compas,0,compas_0,1,defendants,fairness_advocates,0,1,single,1,,,,0.6534224279222148,0.9001756746754614,1.5535981025976762,0.6534224279222148,0.015221791195817153,0.7767990512988381,0.6534224279222148,0.5881949749029578,0.658005956689151,1,1.658005956689151,0.658005956689151,0.02923998141502572,0.8290029783445755,0.4388308289819588,0.6516990633972153,0,0,,
compas,0,compas_0,1,defendants,fairness_advocates,0,1,singleoptimal,0,,,,0.8034999574552066,0.8284350223902714,1.631934979845478,0.8034999574552066,0.00015543936582897467,0.815967489922739,0.8034999574552066,0.6656475052449863,1,0.889917515131576,1.8899175151315761,0.889917515131576,0.0030295383687016985,0.9449587575657881,0.4388308289819588,0.6516990633972153,0,0,,
compas,0,compas_0,1,defendants,fairness_advocates,0,1,multioptimal,0,,0.8,1,0.8034999574552066,0.8284350223902714,1.631934979845478,0.8034999574552066,0.00015543936582897467,0.815967489922739,0.8034999574552066,0.6656475052449863,1,0.889917515131576,1.8899175151315761,0.889917515131576,0.0030295383687016985,0.9449587575657881,0.4388308289819588,0.6516990633972153,0,0,,
compas,0,compas_0,1,defendants,fairness_advocates,0,1,aggregate,1,0.7,,,0.7548168195468514,0.8517067278861131,1.6065235474329644,0.7548168195468514,0.0023469135844976334,0.8032617737164822,0.7548168195468514,0.6428825635296516,0.889061718791966,0.925626796919599,1.814688515711565,0.889061718791966,0.0003342512346199761,0.9073442578557825,0.4388308289819588,0.6516990633972153,0,0,,
compas,0,compas_0,1,defendants,fairness_advocates,0,1,negotiatev2,0,,,,0.7978637123205712,0.8609805954374543,1.6588443077580255,0.7978637123205712,0.0009959352335975715,0.8294221538790127,0.7978637123205712,0.6869451741117031,0.9871562233954462,0.9398570882798439,1.92701331167529,0.9398570882798439,0.0005593020456709992,0.963506655837645,0.4388308289819588,0.6516990633972153,1,1,3,other_accepts
compas,0,compas_0,1,community_members,defendants,1,0,single,1,,,,0.7451941248599633,0.6534224279222148,1.3986165527821781,0.6534224279222148,0.002105511089708487,0.6993082763910891,0.6534224279222148,0.4869265543393673,0.8447606846161597,0.658005956689151,1.5027666413053107,0.658005956689151,0.008719332100772767,0.7513833206526553,0.46175053782410336,0.4388308289819588,0,0,,
compas,0,compas_0,1,community_members,defendants,1,0,singleoptimal,1,,,,0.8168759622298971,0.36466912847324784,1.1815450907031448,0.36466912847324784,0.051122755124053454,0.5907725453515724,0.36466912847324784,0.2978894452171223,1,0,1,0,0.25,0.5,0.46175053782410336,0.4388308289819588,0,0,,
compas,0,compas_0,1,community_members,defendants,1,0,multioptimal,1,,0.8,1,0.8168759622298971,0.36466912847324784,1.1815450907031448,0.36466912847324784,0.051122755124053454,0.5907725453515724,0.36466912847324784,0.2978894452171223,1,0,1,0,0.25,0.5,0.46175053782410336,0.4388308289819588,0,0,,
compas,0,compas_0,1,community_members,defendants,1,0,aggregate,1,0.7,,,0.7061068005701319,0.49480193658492505,1.2009087371550569,0.49480193658492505,0.011162436385951689,0.6004543685775284,0.49480193658492505,0.3493830123578867,0.7601103786868548,0.2965443617841791,1.0566547404710338,0.2965443617841791,0.05372336300675296,0.5283273702355169,0.46175053782410336,0.4388308289819588,0,0,,
compas,0,compas_0,1,community_members,defendants,1,0,negotiatev2,1,,,,0.7451941248599633,0.6534224279222147,1.398616552782178,0.6534224279222147,0.0021055110897084924,0.699308276391089,0.6534224279222147,0.4869265543393672,0.8447606846161597,0.6580059566891507,1.5027666413053105,0.6580059566891507,0.008719332100772787,0.7513833206526552,0.46175053782410336,0.4388308289819588,1,1,3,self_accepts
compas,0,compas_0,1,fairness_advocates,defendants,1,0,single,1,,,,0.9001756746754614,0.6534224279222148,1.5535981025976762,0.6534224279222148,0.015221791195817153,0.7767990512988381,0.6534224279222148,0.5881949749029578,1,0.658005956689151,1.658005956689151,0.658005956689151,0.02923998141502572,0.8290029783445755,0.6516990633972153,0.4388308289819588,0,0,,
compas,0,compas_0,1,fairness_advocates,defendants,1,0,singleoptimal,1,,,,0.9001756746754614,0.6534224279222148,1.5535981025976762,0.6534224279222148,0.015221791195817153,0.7767990512988381,0.6534224279222148,0.5881949749029578,1,0.658005956689151,1.658005956689151,0.658005956689151,0.02923998141502572,0.8290029783445755,0.6516990633972153,0.4388308289819588,0,0,,
compas,0,compas_0,1,fairness_advocates,defendants,1,0,multioptimal,0,,0.8,0,0.8284350223902714,0.8034999574552066,1.631934979845478,0.8034999574552066,0.00015543936582897467,0.815967489922739,0.8034999574552066,0.6656475052449863,0.889917515131576,1,1.8899175151315761,0.889917515131576,0.0030295383687016985,0.9449587575657881,0.6516990633972153,0.4388308289819588,1,0,,
compas,0,compas_0,1,fairness_advocates,defendants,1,0,aggregate,1,0.7,,,0.8803253302301672,0.694948265224139,1.5752735954543062,0.694948265224139,0.008591164057562306,0.7876367977271531,0.694948265224139,0.6117805610763221,0.9695406276298494,0.7526343067489216,1.7221749343787711,0.7526343067489216,0.011762088009525,0.8610874671893856,0.6516990633972153,0.4388308289819588,0,0,,
compas,0,compas_0,1,fairness_advocates,defendants,1,0,negotiatev2,1,,,,0.9001756746754614,0.6534224279222147,1.5535981025976762,0.6534224279222147,0.015221791195817166,0.7767990512988381,0.6534224279222147,0.5881949749029577,1,0.6580059566891507,1.6580059566891507,0.6580059566891507,0.02923998141502576,0.8290029783445754,0.6516990633972153,0.4388308289819588,0,0,2,impasse
compas,2,compas_2,1,judges,community_members,0,1,single,0,,,,0.6829645192969755,0.7251941248599634,1.408158644156939,0.6829645192969755,0.0004458348965013831,0.7040793220784695,0.6829645192969755,0.49528185688197573,0.9340306738527865,0.7788919930987548,1.7129226669515414,0.7788919930987548,0.006017002566525341,0.8564613334757707,0.16611434105752043,0.3844961197684622,0,0,,
compas,2,compas_2,1,judges,community_members,0,1,singleoptimal,0,,,,0.6939229704399286,0.7029422438995954,1.396865214339524,0.6939229704399286,0.000020336823435062476,0.698432607169762,0.6939229704399286,0.48778776993451595,1,0.7210191568949259,1.721019156894926,0.7210191568949259,0.019457577704904493,0.860509578447463,0.16611434105752043,0.3844961197684622,0,0,,
compas,2,compas_2,1,judges,community_members,0,1,multioptimal,0,,0.8,1,0.6939229704399286,0.7029422438995954,1.396865214339524,0.6939229704399286,0.000020336823435062476,0.698432607169762,0.6939229704399286,0.48778776993451595,1,0.7210191568949259,1.721019156894926,0.7210191568949259,0.019457577704904493,0.860509578447463,0.16611434105752043,0.3844961197684622,0,0,,
compas,2,compas_2,1,judges,community_members,0,1,aggregate,0,0.7,,,0.6633067421491814,0.7387165461278817,1.4020232882770631,0.6633067421491814,0.0014216596340265023,0.7010116441385316,0.6633067421491814,0.4899956655837807,0.8156918415602318,0.8140611939636722,1.6297530355239038,0.8140611939636722,6.647528960414164e-7,0.8148765177619519,0.16611434105752043,0.3844961197684622,0,0,,
compas,2,compas_2,1,judges,community_members,0,1,negotiatev2,0,,,,0.6939229704399286,0.7029422438995954,1.396865214339524,0.6939229704399286,0.000020336823435062476,0.698432607169762,0.6939229704399286,0.48778776993451595,1,0.7210191568949259,1.721019156894926,0.7210191568949259,0.019457577704904493,0.860509578447463,0.16611434105752043,0.3844961197684622,0,0,2,impasse
compas,2,compas_2,1,defendants,community_members,0,1,single,0,,,,0.6334224279222149,0.7251941248599634,1.3586165527821783,0.6334224279222149,0.002105511089708487,0.6793082763910891,0.6334224279222149,0.4593542232837239,0.62696455792716,0.7788919930987548,1.4058565510259147,0.62696455792716,0.005770486389454784,0.7029282755129573,0.4625003151878675,0.3844961197684622,0,0,,
compas,2,compas_2,1,defendants,community_members,0,1,singleoptimal,0,,,,0.8059514374571489,0.5052757294013671,1.311227166858516,0.5052757294013671,0.022601470353711434,0.655613583429258,0.5052757294013671,0.40722770042324125,1,0.20692680502084176,1.2069268050208417,0.20692680502084176,0.15724127314861247,0.6034634025104209,0.4625003151878675,0.3844961197684622,0,0,,
compas,2,compas_2,1,defendants,community_members,0,1,multioptimal,0,,0.8,1,0.8059514374571489,0.5052757294013671,1.311227166858516,0.5052757294013671,0.022601470353711434,0.655613583429258,0.5052757294013671,0.40722770042324125,1,0.20692680502084176,1.2069268050208417,0.20692680502084176,0.15724127314861247,0.6034634025104209,0.4625003151878675,0.3844961197684622,0,0,,
compas,2,compas_2,1,defendants,community_members,0,1,aggregate,0,0.7,,,0.6710705611895841,0.5970935676888012,1.2681641288783854,0.5970935676888012,0.0013681488918537192,0.6340820644391927,0.5970935676888012,0.4006919155516147,0.7083658716799441,0.44572723385930546,1.1540931055392496,0.44572723385930546,0.017244763519070155,0.5770465527696248,0.4625003151878675,0.3844961197684622,0,0,,
compas,2,compas_2,1,defendants,community_members,0,1,negotiatev2,0,,,,0.6178978595291204,0.7382409850382976,1.3561388445674178,0.6178978595291204,0.003620616964329397,0.6780694222837089,0.6178978595291204,0.45615752447183344,0.5933979464389311,0.812824351600034,1.4062222980389651,0.5933979464389311,0.012036986820481122,0.7031111490194826,0.4625003151878675,0.3844961197684622,1,1,3,self_accepts
compas,2,compas_2,1,community_members,judges,1,0,single,0,,,,0.7251941248599634,0.6829645192969755,1.408158644156939,0.6829645192969755,0.0004458348965013831,0.7040793220784695,0.6829645192969755,0.49528185688197573,0.7788919930987548,0.9340306738527865,1.7129226669515414,0.7788919930987548,0.006017002566525341,0.8564613334757707,0.3844961197684622,0.16611434105752043,0,0,,
compas,2,compas_2,1,community_members,judges,1,0,singleoptimal,1,,,,0.8102092955632305,0.602122087201107,1.4123313827643376,0.602122087201107,0.010825071570985447,0.7061656913821688,0.602122087201107,0.487844912114271,1,0.44736328811590315,1.447363288115903,0.44736328811590315,0.07635183383051657,0.7236816440579515,0.3844961197684622,0.16611434105752043,0,0,,
compas,2,compas_2,1,community_members,judges,1,0,multioptimal,1,,0.8,1,0.8102092955632305,0.602122087201107,1.4123313827643376,0.602122087201107,0.010825071570985447,0.7061656913821688,0.602122087201107,0.487844912114271,1,0.44736328811590315,1.447363288115903,0.44736328811590315,0.07635183383051657,0.7236816440579515,0.3844961197684622,0.16611434105752043,0,0,,
compas,2,compas_2,1,community_members,judges,1,0,aggregate,0,0.7,,,0.7814077381833342,0.6267709273167008,1.408178665500035,0.6267709273167008,0.005978135818750736,0.7040893327500175,0.6267709273167008,0.48976365267361416,0.9250927229194402,0.5957480690967253,1.5208407920161655,0.5957480690967253,0.027116975250400986,0.7604203960080828,0.3844961197684622,0.16611434105752043,0,0,,
compas,2,compas_2,1,community_members,judges,1,0,negotiatev2,0,,,,0.7382409850382976,0.6828639691167441,1.4211049541550418,0.6828639691167441,0.0007666534730939983,0.7105524770775209,0.6828639691167441,0.5041181692079068,0.812824351600034,0.9334253668119172,1.7462497184119512,0.812824351600034,0.003636151217534225,0.8731248592059756,0.3844961197684622,0.16611434105752043,1,1,2,other_accepts
compas,2,compas_2,1,community_members,defendants,1,0,single,0,,,,0.7251941248599634,0.6334224279222149,1.3586165527821783,0.6334224279222149,0.002105511089708487,0.6793082763910891,0.6334224279222149,0.4593542232837239,0.7788919930987548,0.62696455792716,1.4058565510259147,0.62696455792716,0.005770486389454784,0.7029282755129573,0.3844961197684622,0.4625003151878675,0,0,,
compas,2,compas_2,1,community_members,defendants,1,0,singleoptimal,1,,,,0.8102092955632305,0.3580024618065812,1.1682117573698116,0.3580024618065812,0.05112275512405347,0.5841058786849058,0.3580024618065812,0.29005692239021247,1,0.03146233431514313,1.0314623343151432,0.03146233431514313,0.2345163024625679,0.5157311671575716,0.3844961197684622,0.4625003151878675,0,0,,
compas,2,compas_2,1,community_members,defendants,1,0,multioptimal,1,,0.8,1,0.8102092955632305,0.3580024618065812,1.1682117573698116,0.3580024618065812,0.05112275512405347,0.5841058786849058,0.3580024618065812,0.29005692239021247,1,0.03146233431514313,1.0314623343151432,0.03146233431514313,0.2345163024625679,0.5157311671575716,0.3844961197684622,0.4625003151878675,0,0,,
compas,2,compas_2,1,community_members,defendants,1,0,aggregate,0,0.7,,,0.7190662830083847,0.49189201560525425,1.210958298613639,0.49189201560525425,0.012902036942537255,0.6054791493068195,0.49189201560525425,0.35370296330277257,0.7629546623000233,0.32095306416315883,1.083907726463182,0.32095306416315883,0.04884135318888555,0.541953863231591,0.3844961197684622,0.4625003151878675,0,0,,
compas,2,compas_2,1,community_members,defendants,1,0,negotiatev2,0,,,,0.676141163051823,0.6827257224039099,1.358866885455733,0.676141163051823,0.00001083910546528878,0.6794334427278665,0.676141163051823,0.46161896399157576,0.6513147321430934,0.7335662030777541,1.3848809352208475,0.6513147321430934,0.0016913261177288325,0.6924404676104238,0.3844961197684622,0.4625003151878675,1,1,3,self_accepts
compas,2,compas_2,1,community_members,fairness_advocates,1,0,single,0,,,,0.7251941248599634,0.7601756746754614,1.485369799535425,0.7251941248599634,0.00030592720687354304,0.7426848997677125,0.7251941248599634,0.5512749331361034,0.7788919930987548,0.762154205141049,1.5410461982398038,0.762154205141049,0.00007003838642927993,0.7705230991199019,0.3844961197684622,0.5717406541944552,0,0,,
compas,2,compas_2,1,community_members,fairness_advocates,1,0,singleoptimal,1,,,,0.8102092955632305,0.7967037605078798,1.6069130560711105,0.7967037605078798,0.00004559986928282653,0.8034565280355552,0.7967037605078798,0.645496792573666,1,0.8260434625594918,1.826043462559492,0.8260434625594918,0.007565219229572734,0.913021731279746,0.3844961197684622,0.5717406541944552,0,0,,
compas,2,compas_2,1,community_members,fairness_advocates,1,0,multioptimal,1,,0.8,1,0.8102092955632305,0.7967037605078798,1.6069130560711105,0.7967037605078798,0.00004559986928282653,0.8034565280355552,0.7967037605078798,0.645496792573666,1,0.8260434625594918,1.826043462559492,0.8260434625594918,0.007565219229572734,0.913021731279746,0.3844961197684622,0.5717406541944552,0,0,,
compas,2,compas_2,1,community_members,fairness_advocates,1,0,aggregate,0,0.7,,,0.7552577186848279,0.8286885724742604,1.5839462911590885,0.7552577186848279,0.0013480225720612527,0.7919731455795442,0.7552577186848279,0.6258734407470966,0.8570815827439465,0.8819863305919305,1.739067913335877,0.8570815827439465,0.0001550616163429162,0.8695339566679385,0.3844961197684622,0.5717406541944552,0,0,,
compas,2,compas_2,1,community_members,fairness_advocates,1,0,negotiatev2,0,,,,0.7382409850382976,0.8932225348537958,1.6314635198920935,0.7382409850382976,0.006004820195803435,0.8157317599460467,0.7382409850382976,0.6594134839888713,0.812824351600034,0.9948591198646461,1.8076834714646801,0.812824351600034,0.008284164214287765,0.9038417357323401,0.3844961197684622,0.5717406541944552,1,1,2,self_accepts
compas,2,compas_2,1,fairness_advocates,community_members,0,1,single,0,,,,0.7601756746754614,0.7251941248599634,1.485369799535425,0.7251941248599634,0.00030592720687354304,0.7426848997677125,0.7251941248599634,0.5512749331361034,0.762154205141049,0.7788919930987548,1.5410461982398038,0.762154205141049,0.00007003838642927993,0.7705230991199019,0.5717406541944552,0.3844961197684622,0,0,,
compas,2,compas_2,1,fairness_advocates,community_members,0,1,singleoptimal,0,,,,0.8961617850255182,0.6393352167598357,1.535497001785354,0.6393352167598357,0.01648997154178182,0.767748500892677,0.6393352167598357,0.572947789081171,1,0.5555895885079606,1.5555895885079605,0.5555895885079606,0.049375153460630955,0.7777947942539802,0.5717406541944552,0.3844961197684622,0,0,,
compas,2,compas_2,1,fairness_advocates,community_members,0,1,multioptimal,1,,0.8,0,0.7967037605078798,0.8102092955632305,1.6069130560711105,0.7967037605078798,0.00004559986928282653,0.8034565280355552,0.7967037605078798,0.645496792573666,0.8260434625594918,1,1.826043462559492,0.8260434625594918,0.007565219229572734,0.913021731279746,0.5717406541944552,0.3844961197684622,1,0,,
compas,2,compas_2,1,fairness_advocates,community_members,0,1,aggregate,0,0.7,,,0.8683869569809362,0.6870538214582327,1.5554407784391688,0.6870538214582327,0.008220426509623785,0.7777203892195844,0.6870538214582327,0.596628577298238,0.9514205823202917,0.6796964448453726,1.6311170271656643,0.6796964448453726,0.01845850172162218,0.8155585135828322,0.5717406541944552,0.3844961197684622,0,0,,
compas,2,compas_2,1,fairness_advocates,community_members,0,1,negotiatev2,0,,,,0.8961617850255182,0.6393352167598357,1.535497001785354,0.6393352167598357,0.01648997154178182,0.767748500892677,0.6393352167598357,0.572947789081171,1,0.5555895885079606,1.5555895885079605,0.5555895885079606,0.049375153460630955,0.7777947942539802,0.5717406541944552,0.3844961197684622,0,0,2,impasse
compas,3,compas_3,1,judges,community_members,0,1,single,1,,,,0.5574303135888503,0.8427961672473869,1.4002264808362372,0.5574303135888503,0.020358417608566333,0.7001132404181186,0.5574303135888503,0.46980013180019203,0.1567748635737082,0.9784193286117784,1.1351941921854867,0.1567748635737082,0.16877490673192413,0.5675970960927433,0.29571495577593143,0.6178368176538909,0,0,,
compas,3,compas_3,1,judges,community_members,0,1,singleoptimal,0,,,,0.8067845975163049,0.6469346913249353,1.4537192888412402,0.6469346913249353,0.006387998127347418,0.7268596444206201,0.6469346913249353,0.5219369445599229,1,0.6614076673996875,1.6614076673996876,0.6614076673996875,0.028661191923930164,0.8307038336998438,0.29571495577593143,0.6178368176538909,0,0,,
compas,3,compas_3,1,judges,community_members,0,1,multioptimal,0,,0.8,1,0.8067845975163049,0.6469346913249353,1.4537192888412402,0.6469346913249353,0.006387998127347418,0.7268596444206201,0.6469346913249353,0.5219369445599229,1,0.6614076673996875,1.6614076673996876,0.6614076673996875,0.028661191923930164,0.8307038336998438,0.29571495577593143,0.6178368176538909,0,0,,
compas,3,compas_3,1,judges,community_members,0,1,aggregate,0,0.7,,,0.7330014549701336,0.712331641859983,1.4453330968301166,0.712331641859983,0.00010681029350213833,0.7226665484150583,0.712331641859983,0.5221401299046317,0.7504923538528157,0.767255924846337,1.5177482786991527,0.7504923538528157,0.0000702543281137074,0.7588741393495764,0.29571495577593143,0.6178368176538909,0,0,,
compas,3,compas_3,1,judges,community_members,0,1,negotiatev2,0,,,,0.8067845975163049,0.6469346913249353,1.4537192888412402,0.6469346913249353,0.006387998127347418,0.7268596444206201,0.6469346913249353,0.5219369445599229,1,0.6614076673996875,1.6614076673996876,0.6614076673996875,0.028661191923930164,0.8307038336998438,0.29571495577593143,0.6178368176538909,0,0,2,impasse
compas,3,compas_3,1,defendants,community_members,0,1,single,1,,,,0.42493902439024395,0.8427961672473869,1.267735191637631,0.42493902439024395,0.0436511479591837,0.6338675958188155,0.42493902439024395,0.35813698106994146,0.09061294629611312,0.9784193286117784,1.0690322749078915,0.09061294629611312,0.19705004312010732,0.5345161374539458,0.5058661663539712,0.6178368176538909,0,0,,
compas,3,compas_3,1,defendants,community_members,0,1,singleoptimal,0,,,,0.8849671669793621,0.43414299115518634,1.3191101581345483,0.43414299115518634,0.05081060937688683,0.6595550790672742,0.43414299115518634,0.3842022929465515,1,0.31699358573685943,1.3169935857368595,0.31699358573685943,0.1166244404811482,0.6584967928684298,0.5058661663539712,0.6178368176538909,0,0,,
compas,3,compas_3,1,defendants,community_members,0,1,multioptimal,0,,0.8,1,0.8849671669793621,0.43414299115518634,1.3191101581345483,0.43414299115518634,0.05081060937688683,0.6595550790672742,0.43414299115518634,0.3842022929465515,1,0.31699358573685943,1.3169935857368595,0.31699358573685943,0.1166244404811482,0.6584967928684298,0.5058661663539712,0.6178368176538909,0,0,,
compas,3,compas_3,1,defendants,community_members,0,1,aggregate,0,0.7,,,0.7540456745122842,0.5578227440204768,1.311868418532761,0.5578227440204768,0.009625859612698169,0.6559342092663805,0.5578227440204768,0.4206238272732137,0.7411934199697636,0.5171754935340332,1.258368913503797,0.5171754935340332,0.012546007841141077,0.6291844567518985,0.5058661663539712,0.6178368176538909,0,0,,
compas,3,compas_3,1,defendants,community_members,0,1,negotiatev2,0,,,,0.786441525953721,0.707320646832842,1.493762172786563,0.707320646832842,0.0015650283782151846,0.7468810863932815,0.707320646832842,0.5562663288337932,0.8052337800415387,0.7591453770706812,1.5643791571122199,0.7591453770706812,0.0005310352221010361,0.7821895785561099,0.5058661663539712,0.6178368176538909,1,1,3,self_accepts
compas,3,compas_3,1,community_members,judges,1,0,single,1,,,,0.8427961672473869,0.5574303135888503,1.4002264808362372,0.5574303135888503,0.020358417608566333,0.7001132404181186,0.5574303135888503,0.46980013180019203,0.9784193286117784,0.1567748635737082,1.1351941921854867,0.1567748635737082,0.16877490673192413,0.5675970960927433,0.6178368176538909,0.29571495577593143,0,0,,
compas,3,compas_3,1,community_members,judges,1,0,singleoptimal,1,,,,0.8561295005807202,0.5707636469221836,1.4268931475029039,0.5707636469221836,0.020358417608566333,0.7134465737514519,0.5707636469221836,0.4886475959891196,1,0.2018633282350499,1.20186332823505,0.2018633282350499,0.1592555367040079,0.600931664117525,0.6178368176538909,0.29571495577593143,0,0,,
compas,3,compas_3,1,community_members,judges,1,0,multioptimal,1,,0.8,1,0.8561295005807202,0.5707636469221836,1.4268931475029039,0.5707636469221836,0.020358417608566333,0.7134465737514519,0.5707636469221836,0.4886475959891196,1,0.2018633282350499,1.20186332823505,0.2018633282350499,0.1592555367040079,0.600931664117525,0.6178368176538909,0.29571495577593143,0,0,,
compas,3,compas_3,1,community_members,judges,1,0,aggregate,1,0.7,,,0.7959476647509689,0.6386629134076616,1.4346105781586305,0.6386629134076616,0.006184623251281504,0.7173052890793152,0.6386629134076616,0.5083422544898785,0.902592668306367,0.4314738540446625,1.3340665223510295,0.4314738540446625,0.055488234287838605,0.6670332611755148,0.6178368176538909,0.29571495577593143,0,0,,
compas,3,compas_3,1,community_members,judges,1,0,negotiatev2,0,,,,0.7428973465558832,0.7068748324845886,1.4497721790404718,0.7068748324845886,0.00032440538000415515,0.7248860895202359,0.7068748324845886,0.5251354373999353,0.8167280570057109,0.6621416567533372,1.4788697137590483,0.6621416567533372,0.00597423878574677,0.7394348568795241,0.6178368176538909,0.29571495577593143,1,1,3,other_accepts
compas,3,compas_3,1,community_members,defendants,1,0,single,1,,,,0.8427961672473869,0.42493902439024395,1.267735191637631,0.42493902439024395,0.0436511479591837,0.6338675958188155,0.42493902439024395,0.35813698106994146,0.9784193286117784,0.09061294629611312,1.0690322749078915,0.09061294629611312,0.19705004312010732,0.5345161374539458,0.6178368176538909,0.5058661663539712,0,0,,
compas,3,compas_3,1,community_members,defendants,1,0,singleoptimal,1,,,,0.8561295005807202,0.4382723577235773,1.2944018583042975,0.4382723577235773,0.043651147959183685,0.6472009291521488,0.4382723577235773,0.375217894736221,1,0.11697037879537142,1.1169703787953713,0.11697037879537142,0.19493532798119745,0.5584851893976857,0.6178368176538909,0.5058661663539712,0,0,,
compas,3,compas_3,1,community_members,defendants,1,0,multioptimal,1,,0.8,1,0.8561295005807202,0.4382723577235773,1.2944018583042975,0.4382723577235773,0.043651147959183685,0.6472009291521488,0.4382723577235773,0.375217894736221,1,0.11697037879537142,1.1169703787953713,0.11697037879537142,0.19493532798119745,0.5584851893976857,0.6178368176538909,0.5058661663539712,0,0,,
compas,3,compas_3,1,community_members,defendants,1,0,aggregate,1,0.7,,,0.7265784494240208,0.5754089267672382,1.301987376191259,0.5754089267672382,0.005713056145069879,0.6509936880956295,0.5754089267672382,0.4180797257952799,0.790315100274142,0.3880629684264833,1.1783780687006253,0.3880629684264833,0.04045169439399654,0.5891890343503127,0.6178368176538909,0.5058661663539712,0,0,,
compas,3,compas_3,1,community_members,defendants,1,0,negotiatev2,0,,,,0.6663897078531225,0.8345215759849905,1.500911283838113,0.6663897078531225,0.00706708127037797,0.7504556419190564,0.6663897078531225,0.5561165892177652,0.6928965912907298,0.9002787805360497,1.5931753718267796,0.6928965912907298,0.010751843104045422,0.7965876859133898,0.6178368176538909,0.5058661663539712,1,1,3,self_accepts
compas,3,compas_3,1,community_members,fairness_advocates,1,0,single,1,,,,0.8427961672473869,0.6027961672473867,1.4455923344947736,0.6027961672473867,0.014400000000000026,0.7227961672473868,0.6027961672473867,0.5080342993875123,0.9784193286117784,0.5011768265203981,1.4795961551321763,0.5011768265203981,0.056940101450610285,0.7397980775660882,0.6178368176538909,0.6363772000357366,0,0,,
compas,3,compas_3,1,community_members,fairness_advocates,1,0,singleoptimal,1,,,,0.8561295005807202,0.6961295005807201,1.5522590011614403,0.6961295005807201,0.006400000000000012,0.7761295005807202,0.6961295005807201,0.5959770016716781,1,0.6478403671502198,1.6478403671502198,0.6478403671502198,0.031004101752223005,0.8239201835751099,0.6178368176538909,0.6363772000357366,0,0,,
compas,3,compas_3,1,community_members,fairness_advocates,1,0,multioptimal,0,,0.8,0,0.6663897078531225,0.9202358616992763,1.5866255695523988,0.6663897078531225,0.0161094674556213,0.7933127847761994,0.6663897078531225,0.6132357070337471,0.6928965912907298,1,1.69289659129073,0.6928965912907298,0.023578125910213268,0.846448295645365,0.6178368176538909,0.6363772000357366,1,0,,
compas,3,compas_3,1,community_members,fairness_advocates,1,0,aggregate,1,0.7,,,0.7962895213855598,0.7668079797445003,1.56309750113006,0.7668079797445003,0.00021729032438338027,0.78154875056503,0.7668079797445003,0.6106011591853762,0.9031459804833409,0.7589041814411955,1.6620501619245365,0.7589041814411955,0.005201424147728665,0.8310250809622682,0.6178368176538909,0.6363772000357366,0,0,,
compas,3,compas_3,1,community_members,fairness_advocates,1,0,negotiatev2,0,,,,0.8404415706244975,0.9096723398552666,1.7501139104797643,0.8404415706244975,0.0011982248520710013,0.8750569552398821,0.8404415706244975,0.764526450061622,0.9746082954139987,0.9834005337661116,1.9580088291801103,0.9746082954139987,0.000019325863810091007,0.9790044145900552,0.6178368176538909,0.6363772000357366,1,1,1,other_accepts
compas,3,compas_3,1,fairness_advocates,community_members,0,1,single,1,,,,0.6027961672473867,0.8427961672473869,1.4455923344947736,0.6027961672473867,0.014400000000000026,0.7227961672473868,0.6027961672473867,0.5080342993875123,0.5011768265203981,0.9784193286117784,1.4795961551321763,0.5011768265203981,0.056940101450610285,0.7397980775660882,0.6363772000357366,0.6178368176538909,0,0,,
compas,3,compas_3,1,fairness_advocates,community_members,0,1,singleoptimal,0,,,,0.9202358616992763,0.6663897078531225,1.5866255695523988,0.6663897078531225,0.0161094674556213,0.7933127847761994,0.6663897078531225,0.6132357070337471,1,0.6928965912907298,1.69289659129073,0.6928965912907298,0.023578125910213268,0.846448295645365,0.6363772000357366,0.6178368176538909,0,0,,
compas,3,compas_3,1,fairness_advocates,community_members,0,1,multioptimal,1,,0.8,0,0.6961295005807201,0.8561295005807202,1.5522590011614403,0.6961295005807201,0.006400000000000012,0.7761295005807202,0.6961295005807201,0.5959770016716781,0.6478403671502198,1,1.6478403671502198,0.6478403671502198,0.031004101752223005,0.8239201835751099,0.6363772000357366,0.6178368176538909,1,0,,
compas,3,compas_3,1,fairness_advocates,community_members,0,1,aggregate,1,0.7,,,0.8563524348935088,0.720476651661213,1.5768290865547216,0.720476651661213,0.004615557117247457,0.7884145432773608,0.720476651661213,0.6169819349340021,0.899613897540358,0.7804390333444012,1.6800529308847594,0.7804390333444012,0.003550662064031186,0.8400264654423797,0.6363772000357366,0.6178368176538909,0,0,,
compas,3,compas_3,1,fairness_advocates,community_members,0,1,negotiatev2,0,,,,0.9202358616992763,0.6663897078531225,1.5866255695523988,0.6663897078531225,0.0161094674556213,0.7933127847761994,0.6663897078531225,0.6132357070337471,1,0.6928965912907298,1.69289659129073,0.6928965912907298,0.023578125910213268,0.846448295645365,0.6363772000357366,0.6178368176538909,0,0,2,impasse
compas,4,compas_4,1,judges,community_members,0,1,single,1,,,,0.6161458857750183,0.41218548973541425,1.0283313755104326,0.41218548973541425,0.010399960788158032,0.5141656877552163,0.41218548973541425,0.25396639367663654,0.5788082472234918,0.33422501119696113,0.9130332584204529,0.33422501119696113,0.0149552398363024,0.45651662921022645,0.21506724522331166,0.45711584717793824,0,0,,
compas,4,compas_4,1,judges,community_members,0,1,singleoptimal,0,,,,0.70673043575544,0.4908888515970241,1.197619287352464,0.4908888515970241,0.011646897363003636,0.598809643676232,0.4908888515970241,0.34692609199665236,1,0.506398788036016,1.506398788036016,0.506398788036016,0.06091053911307846,0.753199394018008,0.21506724522331166,0.45711584717793824,0,0,,
compas,4,compas_4,1,judges,community_members,0,1,multioptimal,0,,0.8,1,0.70673043575544,0.4908888515970241,1.197619287352464,0.4908888515970241,0.011646897363003636,0.598809643676232,0.4908888515970241,0.34692609199665236,1,0.506398788036016,1.506398788036016,0.506398788036016,0.06091053911307846,0.753199394018008,0.21506724522331166,0.45711584717793824,0,0,,
compas,4,compas_4,1,judges,community_members,0,1,aggregate,0,0.7,,,0.6799205833516307,0.5592324788769725,1.239153062228603,0.5592324788769725,0.0036414046404215075,0.6195765311143016,0.5592324788769725,0.38023367326720964,0.8753420011681848,0.6559093064349651,1.53125130760315,0.6559093064349651,0.012037676879470596,0.765625653801575,0.21506724522331166,0.45711584717793824,0,0,,
compas,4,compas_4,1,judges,community_members,0,1,negotiatev2,0,,,,0.70673043575544,0.4908888515970241,1.197619287352464,0.4908888515970241,0.011646897363003636,0.598809643676232,0.4908888515970241,0.34692609199665236,1,0.506398788036016,1.506398788036016,0.506398788036016,0.06091053911307846,0.753199394018008,0.21506724522331166,0.45711584717793824,0,0,2,impasse
compas,4,compas_4,1,judges,fairness_advocates,0,1,single,1,,,,0.6161458857750183,0.3321854897354142,0.9483313755104325,0.3321854897354142,0.0201583766297422,0.4741656877552162,0.3321854897354142,0.204674722814635,0.5788082472234918,0.18947727429419436,0.7682855215176861,0.18947727429419436,0.037894651620518326,0.38414276075884307,0.21506724522331166,0.6977564148666682,0,0,,
compas,4,compas_4,1,judges,fairness_advocates,0,1,singleoptimal,0,,,,0.70673043575544,0.8508888515970241,1.5576192873524641,0.70673043575544,0.005195412214488769,0.7788096436762321,0.70673043575544,0.6013490488686107,1,0.9328647241404665,1.9328647241404666,0.9328647241404665,0.0011267863161839153,0.9664323620702333,0.21506724522331166,0.6977564148666682,0,0,,
compas,4,compas_4,1,judges,fairness_advocates,0,1,multioptimal,0,,0.8,1,0.70673043575544,0.8508888515970241,1.5576192873524641,0.70673043575544,0.005195412214488769,0.7788096436762321,0.70673043575544,0.6013490488686107,1,0.9328647241404665,1.9328647241404666,0.9328647241404665,0.0011267863161839153,0.9664323620702333,0.21506724522331166,0.6977564148666682,0,0,,
compas,4,compas_4,1,judges,fairness_advocates,0,1,aggregate,1,0.7,,,0.7028608080215055,0.8674013176887732,1.5702621257102787,0.7028608080215055,0.006768394830391048,0.7851310628551393,0.7028608080215055,0.6096623910296497,0.9820073590010578,0.9565298108955691,1.938537169896627,0.9565298108955691,0.00016227636436687328,0.9692685849483135,0.21506724522331166,0.6977564148666682,0,0,,
compas,4,compas_4,1,judges,fairness_advocates,0,1,negotiatev2,0,,,,0.70673043575544,0.8508888515970241,1.5576192873524641,0.70673043575544,0.005195412214488769,0.7788096436762321,0.70673043575544,0.6013490488686107,1,0.9328647241404665,1.9328647241404666,0.9328647241404665,0.0011267863161839153,0.9664323620702333,0.21506724522331166,0.6977564148666682,0,0,2,impasse
compas,4,compas_4,1,defendants,community_members,0,1,single,1,,,,0.7711236660389204,0.3831763967357188,1.1543000627746391,0.3831763967357188,0.0376257709399527,0.5771500313873196,0.3831763967357188,0.2954763877904313,0.6980099704130021,0.31553039625892204,1.013540366671924,0.31553039625892204,0.0365726561612716,0.506770183335962,0.4425253340507579,0.5101067168863778,0,0,,
compas,4,compas_4,1,defendants,community_members,0,1,singleoptimal,0,,,,0.9047619047619049,0.33333333333333337,1.2380952380952381,0.33333333333333337,0.08163265306122451,0.6190476190476191,0.33333333333333337,0.3015873015873017,1,0.21781934531134634,1.2178193453113464,0.21781934531134634,0.15295164414229273,0.6089096726556732,0.4425253340507579,0.5101067168863778,0,0,,
compas,4,compas_4,1,defendants,community_members,0,1,multioptimal,0,,0.8,1,0.9047619047619049,0.33333333333333337,1.2380952380952381,0.33333333333333337,0.08163265306122451,0.6190476190476191,0.33333333333333337,0.3015873015873017,1,0.21781934531134634,1.2178193453113464,0.21781934531134634,0.15295164414229273,0.6089096726556732,0.4425253340507579,0.5101067168863778,0,0,,
compas,4,compas_4,1,defendants,community_members,0,1,aggregate,0,0.7,,,0.8121952977401733,0.4360947854918962,1.2482900832320696,0.4360947854918962,0.03536289882835411,0.6241450416160348,0.4360947854918962,0.35419413414552764,0.7908219035181517,0.41927023540313885,1.2100921389212906,0.41927023540313885,0.03451266051976218,0.6050460694606453,0.4425253340507579,0.5101067168863778,0,0,,
compas,4,compas_4,1,defendants,community_members,0,1,negotiatev2,1,,,,0.7203838220787375,0.669805398618958,1.3901892206976956,0.669805398618958,0.0006395442299191927,0.6950946103488478,0.669805398618958,0.4825169731060973,0.5833502208892314,0.8774304700959885,1.46078069098522,0.5833502208892314,0.021620798243377093,0.73039034549261,0.4425253340507579,0.5101067168863778,1,1,2,other_accepts
compas,4,compas_4,1,defendants,fairness_advocates,0,1,single,1,,,,0.7711236660389204,0.2942875078468299,1.0654111738857504,0.2942875078468299,0.05684318043984808,0.5327055869428752,0.2942875078468299,0.226932061920305,0.6980099704130021,0.1845871474373867,0.8825971178503887,0.1845871474373867,0.06590074878806251,0.4412985589251944,0.4425253340507579,0.7719845753744059,0,0,,
compas,4,compas_4,1,defendants,fairness_advocates,0,1,singleoptimal,0,,,,0.9047619047619049,0.9047619047619048,1.8095238095238098,0.9047619047619048,6.162975822039155e-33,0.9047619047619049,0.9047619047619048,0.8185941043083901,1,0.9753728915942567,1.9753728915942568,0.9753728915942567,0.00015162361710705852,0.9876864457971284,0.4425253340507579,0.7719845753744059,0,0,,
compas,4,compas_4,1,defendants,fairness_advocates,0,1,multioptimal,0,,0.8,1,0.9047619047619049,0.9047619047619048,1.8095238095238098,0.9047619047619048,6.162975822039155e-33,0.9047619047619049,0.9047619047619048,0.8185941043083901,1,0.9753728915942567,1.9753728915942568,0.9753728915942567,0.00015162361710705852,0.9876864457971284,0.4425253340507579,0.7719845753744059,0,0,,
compas,4,compas_4,1,defendants,fairness_advocates,0,1,aggregate,0,0.7,,,0.8486399666459746,0.9105487972135474,1.759188763859522,0.8486399666459746,0.0009581758255611089,0.879594381929761,0.8486399666459746,0.7727281008968372,0.8731780221434893,0.9828690160457537,1.856047038189243,0.8731780221434893,0.003008028535816654,0.9280235190946216,0.4425253340507579,0.7719845753744059,0,0,,
compas,4,compas_4,1,defendants,fairness_advocates,0,1,negotiatev2,0,,,,0.8731503900995428,0.9070486951842884,1.7801990852838312,0.8731503900995428,0.00028727377190462355,0.8900995426419156,0.8731503900995428,0.7919899220394427,0.9285656385522636,0.9783351145392871,1.9069007530915507,0.9285656385522636,0.0006192501850057279,0.9534503765457754,0.4425253340507579,0.7719845753744059,1,1,1,other_accepts
compas,4,compas_4,1,community_members,judges,1,0,single,1,,,,0.41218548973541425,0.6161458857750183,1.0283313755104326,0.41218548973541425,0.010399960788158032,0.5141656877552163,0.41218548973541425,0.25396639367663654,0.33422501119696113,0.5788082472234918,0.9130332584204529,0.33422501119696113,0.0149552398363024,0.45651662921022645,0.45711584717793824,0.21506724522331166,0,0,,
compas,4,compas_4,1,community_members,judges,1,0,singleoptimal,1,,,,0.7165217877719977,0.6182191003603993,1.334740888132397,0.6182191003603993,0.002415854588085608,0.6673704440661985,0.6182191003603993,0.4429674550250294,1,0.5884480907209445,1.5884480907209446,0.5884480907209445,0.04234374350780898,0.7942240453604723,0.45711584717793824,0.21506724522331166,0,0,,
compas,4,compas_4,1,community_members,judges,1,0,multioptimal,1,,0.8,1,0.7165217877719977,0.6182191003603993,1.334740888132397,0.6182191003603993,0.002415854588085608,0.6673704440661985,0.6182191003603993,0.4429674550250294,1,0.5884480907209445,1.5884480907209446,0.5884480907209445,0.04234374350780898,0.7942240453604723,0.45711584717793824,0.21506724522331166,0,0,,
compas,4,compas_4,1,community_members,judges,1,0,aggregate,1,0.7,,,0.6494820652295306,0.6445174567410707,1.2939995219706013,0.6445174567410707,0.000006161834360921799,0.6469997609853007,0.6445174567410707,0.41860252888067523,0.8533419417498972,0.7107277821419462,1.5640697238918433,0.7107277821419462,0.005084699630170529,0.7820348619459216,0.45711584717793824,0.21506724522331166,0,0,,
compas,4,compas_4,1,community_members,judges,1,0,negotiatev2,1,,,,0.7087067181294402,0.680559617705112,1.3892663358345523,0.680559617705112,0.00019806481557430445,0.6946331679172761,0.680559617705112,0.4823171731552164,0.9829035250236787,0.8783133246387472,1.861216849662426,0.8783133246387472,0.0027347775041400312,0.930608424831213,0.45711584717793824,0.21506724522331166,1,1,3,other_accepts
compas,4,compas_4,1,community_members,defendants,1,0,single,1,,,,0.3831763967357188,0.7711236660389204,1.1543000627746391,0.3831763967357188,0.0376257709399527,0.5771500313873196,0.3831763967357188,0.2954763877904313,0.31553039625892204,0.6980099704130021,1.013540366671924,0.31553039625892204,0.0365726561612716,0.506770183335962,0.5101067168863778,0.4425253340507579,0,0,,
compas,4,compas_4,1,community_members,defendants,1,0,singleoptimal,1,,,,0.7323289391086001,0.5453501928078199,1.27767913191642,0.5453501928078199,0.008740262892052876,0.63883956595821,0.5453501928078199,0.39937572814162126,1,0.1878166416730839,1.187816641673084,0.1878166416730839,0.16491045188579695,0.593908320836542,0.5101067168863778,0.4425253340507579,0,0,,
compas,4,compas_4,1,community_members,defendants,1,0,multioptimal,1,,0.8,1,0.7323289391086001,0.5453501928078199,1.27767913191642,0.5453501928078199,0.008740262892052876,0.63883956595821,0.5453501928078199,0.39937572814162126,1,0.1878166416730839,1.187816641673084,0.1878166416730839,0.16491045188579695,0.593908320836542,0.5101067168863778,0.4425253340507579,0,0,,
compas,4,compas_4,1,community_members,defendants,1,0,aggregate,1,0.7,,,0.5942030698457351,0.6697727539045814,1.2639758237503165,0.5942030698457351,0.0014276942871884596,0.6319879118751582,0.5942030698457351,0.3979810264691343,0.7292216222794193,0.4689814734304677,1.198203095709887,0.4689814734304677,0.016931233768231125,0.5991015478549435,0.5101067168863778,0.4425253340507579,0,0,,
compas,4,compas_4,1,community_members,defendants,1,0,negotiatev2,0,,,,0.46842435655994985,0.8789704959196486,1.3473948524795984,0.46842435655994985,0.042137033135788295,0.6736974262397992,0.46842435655994985,0.4117311889863414,0.4826482894412997,0.9417176670854781,1.4243659565267779,0.4826482894412997,0.052686173372653314,0.7121829782633889,0.5101067168863778,0.4425253340507579,1,1,3,self_accepts
compas,4,compas_4,1,fairness_advocates,judges,1,0,single,1,,,,0.3321854897354142,0.6161458857750183,0.9483313755104325,0.3321854897354142,0.0201583766297422,0.4741656877552162,0.3321854897354142,0.204674722814635,0.18947727429419436,0.5788082472234918,0.7682855215176861,0.18947727429419436,0.037894651620518326,0.38414276075884307,0.6977564148666682,0.21506724522331166,0,0,,
compas,4,compas_4,1,fairness_advocates,judges,1,0,singleoptimal,1,,,,0.897732920991857,0.6957527229720551,1.5934856439639122,0.6957527229720551,0.01019900009802959,0.7967428219819561,0.6957527229720551,0.6246001242817414,1,0.9489568354679656,1.9489568354679656,0.9489568354679656,0.0006513511613610834,0.9744784177339828,0.6977564148666682,0.21506724522331166,0,0,,
compas,4,compas_4,1,fairness_advocates,judges,1,0,multioptimal,1,,0.8,1,0.897732920991857,0.6957527229720551,1.5934856439639122,0.6957527229720551,0.01019900009802959,0.7967428219819561,0.6957527229720551,0.6246001242817414,1,0.9489568354679656,1.9489568354679656,0.9489568354679656,0.0006513511613610834,0.9744784177339828,0.6977564148666682,0.21506724522331166,0,0,,
compas,4,compas_4,1,fairness_advocates,judges,1,0,aggregate,1,0.7,,,0.885915383344853,0.6985221137566645,1.5844374971015176,0.6985221137566645,0.00877905937173787,0.7922187485507588,0.6985221137566645,0.6188314861835924,0.9830635198828489,0.9618336953623386,1.9448972152451875,0.9618336953623386,0.00011267636229291461,0.9724486076225938,0.6977564148666682,0.21506724522331166,0,0,,
compas,4,compas_4,1,fairness_advocates,judges,1,0,negotiatev2,1,,,,0.897732920991857,0.6957527229720551,1.5934856439639122,0.6957527229720551,0.01019900009802959,0.7967428219819561,0.6957527229720551,0.6246001242817414,1,0.9489568354679656,1.9489568354679656,0.9489568354679656,0.0006513511613610834,0.9744784177339828,0.6977564148666682,0.21506724522331166,0,0,2,impasse
compas,4,compas_4,1,fairness_advocates,defendants,1,0,single,1,,,,0.2942875078468299,0.7711236660389204,1.0654111738857504,0.2942875078468299,0.05684318043984808,0.5327055869428752,0.2942875078468299,0.226932061920305,0.1845871474373867,0.6980099704130021,0.8825971178503887,0.1845871474373867,0.06590074878806251,0.4412985589251944,0.7719845753744059,0.4425253340507579,0,0,,
compas,4,compas_4,1,fairness_advocates,defendants,1,0,singleoptimal,1,,,,0.923773652587212,0.7203838220787375,1.6441574746659495,0.7203838220787375,0.010341855788566494,0.8220787373329748,0.7203838220787375,0.6654715945864116,1,0.5833502208892314,1.5833502208892314,0.5833502208892314,0.04339925960826307,0.7916751104446157,0.7719845753744059,0.4425253340507579,0,0,,
compas,4,compas_4,1,fairness_advocates,defendants,1,0,multioptimal,1,,0.8,1,0.923773652587212,0.7203838220787375,1.6441574746659495,0.7203838220787375,0.010341855788566494,0.8220787373329748,0.7203838220787375,0.6654715945864116,1,0.5833502208892314,1.5833502208892314,0.5833502208892314,0.04339925960826307,0.7916751104446157,0.7719845753744059,0.4425253340507579,0,0,,
compas,4,compas_4,1,fairness_advocates,defendants,1,0,aggregate,1,0.7,,,0.9181528057762192,0.7748954307740256,1.6930482365502448,0.7748954307740256,0.005130668873129781,0.8465241182751224,0.7748954307740256,0.7114724139483436,0.9927189648727544,0.7065332445509581,1.6992522094237126,0.7065332445509581,0.020475566629026345,0.8496261047118563,0.7719845753744059,0.4425253340507579,0,0,,
compas,4,compas_4,1,fairness_advocates,defendants,1,0,negotiatev2,0,,,,0.9070486951842884,0.8731503900995428,1.7801990852838312,0.8731503900995428,0.00028727377190462355,0.8900995426419156,0.8731503900995428,0.7919899220394427,0.9783351145392871,0.9285656385522636,1.9069007530915507,0.9285656385522636,0.0006192501850057279,0.9534503765457754,0.7719845753744059,0.4425253340507579,1,1,1,other_accepts